﻿Country Name,Country Code,Series Name,Series Code,2008 [YR2008],2009 [YR2009],2010 [YR2010],2011 [YR2011],2012 [YR2012],2013 [YR2013],2014 [YR2014],2015 [YR2015]
China,CHN,Annual CO2 combustion emissions at proposed coal projects (Mt CO2),CC.COAL.EMPR.CO,..,..,..,..,..,..,..,..
China,CHN,Absolute change in annual CO2 emissions from a US$12 carbon tax in 2022 rising to US$20 by 2030 (MTCO2),CC.CPAT.ACAE.TE,..,..,..,..,..,..,..,..
China,CHN,Absolute change in annual CO2 emissions from a US$60 carbon tax in 2022 rising to US$100 by 2030 (MTCO2),CC.CPAT.ACAE.SI,..,..,..,..,..,..,..,..
China,CHN,Access to electricity (% of population),EG.ELC.ACCS.ZS,98.9447021484375,99.1874160766602,99.7,99.8572235107422,99.9648742675781,99.9970092773438,100,100
China,CHN,Account (% age 15+),account.t.d,..,..,..,63.817310333252,..,..,78.8526000976563,..
China,CHN,"Account, income, poorest 40% (% ages 15+)",account.t.d.7,..,..,..,46.6263618469238,..,..,72.5763931274414,..
China,CHN,Additional people below $1.90 as % of total population by impact - Agriculture Revenues,CC.AVPB.PTPI.AR,..,..,..,..,..,..,..,..
China,CHN,Additional people below $1.90 as % of total population by impact - All impacts,CC.AVPB.PTPI.AI,..,..,..,..,..,..,..,..
China,CHN,Additional people below $1.90 as % of total population by impact - Disasters,CC.AVPB.PTPI.DI,..,..,..,..,..,..,..,..
China,CHN,Additional people below $1.90 as % of total population by impact - Food prices,CC.AVPB.PTPI.FP,..,..,..,..,..,..,..,..
China,CHN,Additional people below $1.90 as % of total population by impact - Health,CC.AVPB.PTPI.HE,..,..,..,..,..,..,..,..
China,CHN,Additional people below $1.90 as % of total population by impact - Labor productivity,CC.AVPB.PTPI.LP,..,..,..,..,..,..,..,..
China,CHN,"Additional people below $4 as % of total population by impact, by 2030 - Agriculture",CC.AVPB.TPOP.AG,..,..,..,..,..,..,..,..
China,CHN,"Additional people below $4 as % of total population by impact, by 2030 - All Impacts",CC.AVPB.TPOP.AI,..,..,..,..,..,..,..,..
China,CHN,"Additional people below $4 as % of total population by impact, by 2030 - Disasters",CC.AVPB.TPOP.DI,..,..,..,..,..,..,..,..
China,CHN,"Additional people below $4 as % of total population by impact, by 2030 - Health",CC.AVPB.TPOP.HE,..,..,..,..,..,..,..,..
China,CHN,"Additional people below $4 as % of total population by impact, by 2030 - Temperature",CC.AVPB.TPOP.TE,..,..,..,..,..,..,..,..
China,CHN,"Additional population exposed to annual coastal floods due to sea level rise, as a share of actual population (%) - Max exposure, 2050",CC.ADPO.MIEX.BB,..,..,..,..,..,..,..,..
China,CHN,"Additional population exposed to annual coastal floods due to sea level rise, as a share of actual population (%) - Max exposure, 2100",CC.ADPO.MAEX.BB,..,..,..,..,..,..,..,..
China,CHN,"Additional population exposed to annual coastal floods due to sea level rise, as a share of actual population (%) - Min. exposure, 2050",CC.ADPO.MIEX.AA,..,..,..,..,..,..,..,..
China,CHN,"Additional population exposed to annual coastal floods due to sea level rise, as a share of actual population (%) - Min. exposure, 2100",CC.ADPO.MAEX.AA,..,..,..,..,..,..,..,..
China,CHN,Agricultural land (% of land area),AG.LND.AGRI.ZS,56.0709365390941,56.1332002008976,56.1202755223834,56.1169108294991,56.107828313151,56.1080381401584,56.0967380472843,56.090201435984
China,CHN,Annual CO2 combustion emissions at operating coal mines (Mt CO2),CC.COAL.EMIS.CO,..,..,..,..,..,..,..,..
China,CHN,Annual coal production (Mt per year) - Operating,CC.COAL.PROD.OP,..,..,..,..,..,..,..,..
China,CHN,Annual coal production (Mt per year) - Proposed Projects (Total),CC.COAL.PROD.PR,..,..,..,..,..,..,..,..
China,CHN,"Annual investment needs for coastal protection, by risk strategy (% of GDP) - constant relative flood risk",CC.INCP.KRGC,..,..,..,..,..,..,..,..
China,CHN,"Annual investment needs for coastal protection, by risk strategy (% of GDP) - low risk tolerance",CC.INCP.ALRS,..,..,..,..,..,..,..,..
China,CHN,"Annual investment needs for coastal protection, by risk strategy (% of GDP) - optimal protection",CC.INCP.SPMC,..,..,..,..,..,..,..,..
China,CHN,Annual investments needed to make transport infrastructure more resilient by 2030 (% of baseline investment costs),CC.TNET.INV.ZS,..,..,..,..,..,..,..,..
China,CHN,Annual methane emissions at operating coal mines (Mt CO2e 100 years),CC.COAL.EMIS.CH,..,..,..,..,..,..,..,..
China,CHN,Annual methane emisssions at proposed coal projects (Mt CO2e 100 years),CC.COAL.EMPR.CH,..,..,..,..,..,..,..,..
China,CHN,Arable land (% of land area),AG.LND.ARBL.ZS,12.9226135155496,12.9429683203196,12.8778413090614,12.800416828082,12.7282023347818,12.7071931712043,12.6958930783302,12.6893569275309
China,CHN,Average per capita transfer -All Social Protection and Labor (preT),per_allsp.avt_pop_preT_tot,..,..,..,..,..,3.52170167477378,..,..
China,CHN,Average practical solar potential (kWh/kWp/day),CC.EG.SOLR.KW,..,..,..,..,..,..,..,..
China,CHN,Average supply of protein of animal origin (g/cap/day),CC.PRO.ANI,33.7,35.1,36.4,37.1,37.7,38.4,38.7,39
China,CHN,Averted deaths as a result of reduced air pollution from a US$12 carbon tax in 2022 rising to US$20 by 2030 (%),CC.CPAT.ADRP.TE,..,..,..,..,..,..,..,..
China,CHN,Averted deaths as a result of reduced air pollution from a US$12 carbon tax in 2022 rising to US$20 by 2030 (count),CC.CPAT.ADRP.TW,..,..,..,..,..,..,..,..
China,CHN,Averted deaths as a result of reduced air pollution from a US$60 carbon tax in 2022 rising to US$100 by 2030 (%),CC.CPAT.ADRP.SI,..,..,..,..,..,..,..,..
China,CHN,Averted deaths as a result of reduced air pollution from a US$60 carbon tax in 2022 rising to US$100 by 2030 (count),CC.CPAT.ADRP.HU,..,..,..,..,..,..,..,..
China,CHN,Capacity of Liquefied Natural Gas export terminals (Mt per year) - Cancelled,CC.ECA.GAEX.CA,..,..,..,..,..,..,..,..
China,CHN,Capacity of Liquefied Natural Gas export terminals (Mt per year) - In Development (Proposed + Construction),CC.ECA.GAEX.ID,..,..,..,..,..,..,..,..
China,CHN,Capacity of Liquefied Natural Gas export terminals (Mt per year) - Operating,CC.ECA.GAEX.OP,..,..,..,..,..,..,..,..
China,CHN,Capacity of Liquefied Natural Gas export terminals (Mt per year) - Shelved,CC.ECA.GAEX.SH,..,..,..,..,..,..,..,..
China,CHN,Capacity of Liquefied Natural Gas import terminals (Mt per year) - Cancelled,CC.ECA.GAIM.CA,..,..,..,..,..,..,..,..
China,CHN,Capacity of Liquefied Natural Gas import terminals (Mt per year) - In Development (Proposed + Construction),CC.ECA.GAIM.ID,..,..,..,..,..,..,..,..
China,CHN,Capacity of Liquefied Natural Gas import terminals (Mt per year) - Operating,CC.ECA.GAIM.OP,..,..,..,..,..,..,..,..
China,CHN,Capacity of Liquefied Natural Gas import terminals (Mt per year) - Shelved,CC.ECA.GAIM.SH,..,..,..,..,..,..,..,..
China,CHN,"Central government debt, total (% of GDP)",GC.DOD.TOTL.GD.ZS,..,..,..,..,..,..,..,..
China,CHN,Change in income (%) for bottom 40% of the population by impact - Agriculture Revenues (update),CC.CHIC.CFPI.AG,..,..,..,..,..,..,..,..
China,CHN,Change in income (%) for bottom 40% of the population by impact - All impacts (update),CC.CHIC.CFPI.AI,..,..,..,..,..,..,..,..
China,CHN,Change in income (%) for bottom 40% of the population by impact - Disasters (update),CC.CHIC.CFPI.DI,..,..,..,..,..,..,..,..
China,CHN,Change in income (%) for bottom 40% of the population by impact - Food prices (update),CC.CHIC.CFPI.FP,..,..,..,..,..,..,..,..
China,CHN,Change in income (%) for bottom 40% of the population by impact - Health (update),CC.CHIC.CFPI.HE,..,..,..,..,..,..,..,..
China,CHN,Change in income (%) for bottom 40% of the population by impact - Labor productivity (update),CC.CHIC.CFPI.LP,..,..,..,..,..,..,..,..
China,CHN,"Change in income (%) for bottom 40% of the population by impact, by 2030 - Agriculture (original)",CC.CHIC.BTFP.AG,..,..,..,..,..,..,..,..
China,CHN,"Change in income (%) for bottom 40% of the population by impact, by 2030 - All Impacts (original)",CC.CHIC.BTFP.AI,..,..,..,..,..,..,..,..
China,CHN,"Change in income (%) for bottom 40% of the population by impact, by 2030 - Disasters (original)",CC.CHIC.BTFP.DI,..,..,..,..,..,..,..,..
China,CHN,"Change in income (%) for bottom 40% of the population by impact, by 2030 - Health (original)",CC.CHIC.BTFP.HE,..,..,..,..,..,..,..,..
China,CHN,"Change in income (%) for bottom 40% of the population by impact, by 2030 - Temperature (original)",CC.CHIC.BTFP.TE,..,..,..,..,..,..,..,..
China,CHN,Children under 5 years of age who are stunted (% of total),CC.CUF.STUN,..,..,..,..,..,8.1,..,..
China,CHN,CO2 emissions by sector (Mt CO2 eq) - Building,CC.CO2.EMSE.BL,383.25,391.66,416.4,440.72,457.22,476.57,487,510.54
China,CHN,CO2 emissions by sector (Mt CO2 eq) - Bunker Fuels,CC.CO2.EMSE.BF,93.03,97,103.61,109.58,114.07,122.96,128.43,132.16
China,CHN,CO2 emissions by sector (Mt CO2 eq) - Electricity/Heat,CC.CO2.EMSE.EH,3208.47,3455.66,3831.98,4324.11,4450.73,4742.95,4636.87,4580.61
China,CHN,CO2 emissions by sector (Mt CO2 eq) - Energy,CC.CO2.EMSE.EN,6669.11,7131.51,7830.97,8569.65,8818.41,9188.38,9116.34,9096.74
China,CHN,CO2 emissions by sector (Mt CO2 eq) - Fugitive Emissions,CC.CO2.EMSE.FE,0,0,0,0,0,0,0,3.43
China,CHN,CO2 emissions by sector (Mt CO2 eq) - Industrial Processes,CC.CO2.EMSE.IP,525.9,583.6,639.6,708.6,714.8,748.3,778.6,733.7
China,CHN,CO2 emissions by sector (Mt CO2 eq) - Land-Use Change and Forestry,CC.CO2.EMSE.LU,-332.23,-332.23,-332.23,-710.17,-710.17,-710.17,-710.17,-710.17
China,CHN,CO2 emissions by sector (Mt CO2 eq) - Manufacturing/Construction,CC.CO2.EMSE.MC,2409.86,2601.83,2844.45,3005.39,3038.4,3029.29,3022.68,2972.98
China,CHN,CO2 emissions by sector (Mt CO2 eq) - Other Fuel Combustion,CC.CO2.EMSE.OF,160.46,165.3,169.36,177.54,185.94,198.48,199.23,202.03
China,CHN,CO2 emissions by sector (Mt CO2 eq) - Total excluding LUCF,CC.CO2.EMSE.EL,7195.01,7715.11,8470.57,9278.25,9533.21,9936.68,9894.94,9830.43
China,CHN,CO2 emissions by sector (Mt CO2 eq) - Total including LUCF,CC.CO2.EMSE.IL,6862.78,7382.89,8138.34,8568.09,8823.05,9226.51,9184.77,9120.27
China,CHN,CO2 emissions by sector (Mt CO2 eq) - Transportation,CC.CO2.EMSE.TR,507.07,517.08,568.78,621.89,686.13,741.09,770.56,827.14
China,CHN,CO2 emissions per dollar of manufacturing value added (kgCO2 per constant 2010 US$),CC.EG.EMIS.MAN,1.33,1.29,1.25,1.2,1.11,1.03,0.96,0.89
China,CHN,Coal rents (% of GDP),NY.GDP.COAL.RT.ZS,4.95211059420005,1.71352622493598,2.74480237370415,3.53404591400918,1.78253509286448,1.0812080820268,0.794104008433704,0.406939843113976
China,CHN,Comparative advantage in environmental goods (index),CC.ENV.GDS.CADV,1.01185606082389,1.03300755418101,1.19032530684655,1.21065415854838,1.07357076569556,1.0775271499612,1.08591347120384,1.0810566413414
China,CHN,Coverage (%) -All Social Protection and Labor,per_allsp.cov_pop_tot,..,..,..,..,..,63.0530007063888,..,..
China,CHN,Coverage in 1st quintile (poorest) (%) -All Social Protection and Labor,per_allsp.cov_q1_tot,..,..,..,..,..,74.9981409822423,..,..
China,CHN,Employment by sector and gender (% of total) - Agriculture - Female,CC.ESG.AGFE,..,..,..,..,..,22.3110198974609,..,..
China,CHN,Employment by sector and gender (% of total) - Agriculture - Male,CC.ESG.AGMA,..,..,..,..,..,12.1456362307072,..,..
China,CHN,Employment by sector and gender (% of total) - Commerce - Female,CC.ESG.CMFE,..,..,..,..,..,20.5548048019409,..,..
China,CHN,Employment by sector and gender (% of total) - Commerce - Male,CC.ESG.CMMA,..,..,..,..,..,11.9032517075539,..,..
China,CHN,Employment by sector and gender (% of total) - Construction - Female,CC.ESG.CNFE,..,..,..,..,..,3.10058891773224,..,..
China,CHN,Employment by sector and gender (% of total) - Construction - Male,CC.ESG.CNMA,..,..,..,..,..,15.3691485524178,..,..
China,CHN,Employment by sector and gender (% of total) - Electricity and utilities - Female,CC.ESG.EUFE,..,..,..,..,..,0.894456636160612,..,..
China,CHN,Employment by sector and gender (% of total) - Electricity and utilities - Male,CC.ESG.EUMA,..,..,..,..,..,2.32559610158205,..,..
China,CHN,Employment by sector and gender (% of total) - Financial and Business Services - Female,CC.ESG.FBFE,..,..,..,..,..,8.13953131437302,..,..
China,CHN,Employment by sector and gender (% of total) - Financial and Business Services - Male,CC.ESG.FBMA,..,..,..,..,..,6.65377974510193,..,..
China,CHN,Employment by sector and gender (% of total) - Industry - Female,CC.ESG.INFE,..,..,..,..,..,22.9923874139786,..,..
China,CHN,Employment by sector and gender (% of total) - Industry - Male,CC.ESG.INMA,..,..,..,..,..,38.7596815824509,..,..
China,CHN,Employment by sector and gender (% of total) - Manufacturing - Female,CC.ESG.MAFE,..,..,..,..,..,18.2849436998367,..,..
China,CHN,Employment by sector and gender (% of total) - Manufacturing - Male,CC.ESG.MAMA,..,..,..,..,..,17.9402247071266,..,..
China,CHN,Employment by sector and gender (% of total) - Mining - Female,CC.ESG.MIFE,..,..,..,..,..,0.712398486211896,..,..
China,CHN,Employment by sector and gender (% of total) - Mining - Male,CC.ESG.MIMA,..,..,..,..,..,3.12471110373735,..,..
China,CHN,Employment by sector and gender (% of total) - Other services - Female,CC.ESG.OSFE,..,..,..,..,..,0.0178664529812522,..,..
China,CHN,Employment by sector and gender (% of total) - Other services - Male,CC.ESG.OSMA,..,..,..,..,..,0.0132853048853576,..,..
China,CHN,Employment by sector and gender (% of total) - Public Administration - Female,CC.ESG.PAFE,..,..,..,..,..,23.8617479801178,..,..
China,CHN,Employment by sector and gender (% of total) - Public Administration - Male,CC.ESG.PAMA,..,..,..,..,..,21.4416593313217,..,..
China,CHN,Employment by sector and gender (% of total) - Public sector employment - Female,CC.ESG.PSFE,..,..,..,..,..,20.9586083889008,..,..
China,CHN,Employment by sector and gender (% of total) - Public sector employment - Male,CC.ESG.PSMA,..,..,..,..,..,19.3306177854538,..,..
China,CHN,Employment by sector and gender (% of total) - Services - Female,CC.ESG.SEFE,..,..,..,..,..,54.6965897083282,..,..
China,CHN,Employment by sector and gender (% of total) - Services - Male,CC.ESG.SEMA,..,..,..,..,..,49.0946829319,..,..
China,CHN,Employment by sector and gender (% of total) - Transport & Communication - Female,CC.ESG.TCFE,..,..,..,..,..,2.12264284491539,..,..
China,CHN,Employment by sector and gender (% of total) - Transport & Communication - Male,CC.ESG.TCMA,..,..,..,..,..,9.0827077627182,..,..
China,CHN,Energy intensity of the economy (kWh per 2011$PPP),CC.EG.INTS.KW,2.545,2.441,2.299,2.282,2.274,2.248,2.17,2.124
China,CHN,Firms experiencing electrical outages (% of firms),IC.ELC.OUTG.ZS,..,..,..,..,33.7,..,..,..
China,CHN,Firms with female participation in ownership (% of firms),IC.FRM.FEMO.ZS,..,..,..,..,64.2,..,..,..
China,CHN,Food GHG emissions by system stage (Share of total) - Consumption,CC.FGHG.SYS.CS,5.74208471886651,5.71492440662844,6.1077269821836,6.09465657299513,6.17567677511049,6.27456064236968,6.38307670999859,6.55451271709327
China,CHN,Food GHG emissions by system stage (Share of total) - End_of_Life,CC.FGHG.SYS.EO,11.6033812573874,11.6389418387396,11.9262674973321,11.835500111892,12.0980160750032,12.1913666198619,12.4327039277528,12.708264466491
China,CHN,Food GHG emissions by system stage (Share of total) - LULUC (Production),CC.FGHG.SYS.LU,0.888811905685882,0.515009200951619,0.479176761134997,0.311210746347293,0.291496647319007,0.31132628865215,0.530075629310923,0.316181428896873
China,CHN,Food GHG emissions by system stage (Share of total) - Packaging,CC.FGHG.SYS.PC,19.2889778575371,20.192794141056,19.6458217166472,20.8414876427335,20.1772805572322,19.7583194779759,20.3379724212359,19.4818128464134
China,CHN,Food GHG emissions by system stage (Share of total) - Processing,CC.FGHG.SYS.PR,9.28218381094695,9.34893170535009,8.89359408713386,8.79626647110199,8.69663365184599,8.63545733468067,7.75799540253351,7.5707282622338
China,CHN,Food GHG emissions by system stage (Share of total) - Production,CC.FGHG.SYS.PD,49.200585630379,48.5958096773818,48.5091954347865,47.4047889931143,47.5191864580779,47.5931463851194,47.302725367067,47.8473111479868
China,CHN,Food GHG emissions by system stage (Share of total) - Retail,CC.FGHG.SYS.RE,1.62441760641391,1.67551166729964,1.82750593203167,1.95797846880078,2.07884420753758,2.13831064138716,2.09898606976568,2.18785023295771
China,CHN,Food GHG emissions by system stage (Share of total) - Transport,CC.FGHG.SYS.TR,2.36955721278338,2.31807736259278,2.61071158875008,2.75811099301501,2.96286562787356,3.0975126099532,3.15646447233556,3.33333889792718
China,CHN,Fossil-fuel pre-tax subsidies (consumption and production) USD per capita,CC.EG.SUBF.PC,..,..,..,..,..,..,..,17.11851
China,CHN,Freight volume by mode (billion tons-km) - Air transport,CC.FRVOL.MOD.AI,..,..,..,..,..,..,..,..
China,CHN,Freight volume by mode (billion tons-km) - Inland waterway transport,CC.FRVOL.MOD.IW,..,..,..,..,..,..,..,..
China,CHN,Freight volume by mode (billion tons-km) - Rail transport,CC.FRVOL.MOD.RA,..,..,..,..,..,..,..,..
China,CHN,Freight volume by mode (billion tons-km) - Road transport,CC.FRVOL.MOD.RO,..,..,..,..,..,..,..,..
China,CHN,Gas pipeline capacity by project status (barrels of oil equivalent per day) - Cancelled,CC.GAS.PPBC.CN,..,..,..,..,..,..,..,..
China,CHN,Gas pipeline capacity by project status (barrels of oil equivalent per day) - Construction,CC.GAS.PPBC.CO,..,..,..,..,..,..,..,..
China,CHN,Gas pipeline capacity by project status (barrels of oil equivalent per day) - In Development (Proposed + Construction),CC.GAS.PPBC.ID,..,..,..,..,..,..,..,..
China,CHN,Gas pipeline capacity by project status (barrels of oil equivalent per day) - Mothballed,CC.GAS.PPBC.MB,..,..,..,..,..,..,..,..
China,CHN,Gas pipeline capacity by project status (barrels of oil equivalent per day) - Operating,CC.GAS.PPBC.OP,..,..,..,..,..,..,..,..
China,CHN,Gas pipeline capacity by project status (barrels of oil equivalent per day) - Proposed,CC.GAS.PPBC.PR,..,..,..,..,..,..,..,..
China,CHN,Gas pipeline capacity by project status (barrels of oil equivalent per day) - Retired,CC.GAS.PPBC.RT,..,..,..,..,..,..,..,..
China,CHN,Gas pipeline capacity by project status (barrels of oil equivalent per day) - Shelved,CC.GAS.PPBC.SH,..,..,..,..,..,..,..,..
China,CHN,GDP (current US$),NY.GDP.MKTP.CD,4594307032667.98,5101703073088.97,6087163874510.73,7551500124197.17,8532229986993.65,9570406235659.64,10475682920597.7,11061553079871.5
China,CHN,GDP growth (annual %),NY.GDP.MKTP.KD.ZG,9.65067891955702,9.39872563237978,10.6358710646812,9.55083217886229,7.86373644866194,7.766150097539,7.42576365645755,7.04132887865481
China,CHN,GDP per capita (current US$),NY.GDP.PCAP.CD,3468.30460207977,3832.23643246922,4550.45310775599,5618.13226711491,6316.91831760216,7050.64627124287,7678.59948587722,8066.94263493206
China,CHN,"GHG emissions from food systems, by gas (Mt CO2 eq) - CO2",CC.GHG.FSYS.CO,0.043758394159704,0.0445527009409529,0.0440451766518763,0.0454047475335006,0.0453492672041124,0.045511261868473,0.0455023093537148,0.0449409962356633
China,CHN,"GHG emissions from food systems, by gas (Mt CO2 eq) - F-gases",CC.GHG.FSYS.FG,5.84920473749174E-05,5.70956918115061E-05,5.69559068921532E-05,5.50736096357128E-05,5.49042719554666E-05,5.39678850253251E-05,5.3793560399438E-05,5.3773280638887E-05
China,CHN,"GHG emissions from food systems, by gas (Mt CO2 eq) - Methane",CC.GHG.FSYS.CH,0.0438514358018287,0.0433847714905805,0.0439794617661949,0.0430054321959008,0.043035509209592,0.0427941984278325,0.043018923741207,0.0432687224013415
China,CHN,"GHG emissions from food systems, by gas (Mt CO2 eq) - N2O",CC.GHG.FSYS.NO,0.0123316779910924,0.0120054318766552,0.0119184056750367,0.0115347466609628,0.0115603193143402,0.0116405718186692,0.0114249733446788,0.0117365080823563
China,CHN,GHG growth (annual %),CC.GHG.GRPE,3.55,6.98,9.13,4.99,3.14,4.25,0.1,-0.05
China,CHN,Gini index (World Bank estimate),SI.POV.GINI,43,..,43.7,42.4,42.2,39.7,39.2,38.6
China,CHN,Government Effectiveness: Estimate,GE.EST,0.150768,0.0938044,0.0885483,0.0881574,0.0233264,0.0034887,0.3225908,0.4075751
China,CHN,"Informal employment by sector and gender (% of total) - Agriculture, forestry and fishing - Female",CC.ISG.FFFE,..,..,..,..,..,..,..,..
China,CHN,"Informal employment by sector and gender (% of total) - Agriculture, forestry and fishing - Male",CC.ISG.FFMA,..,..,..,..,..,..,..,..
China,CHN,Informal employment by sector and gender (% of total) - No breakdown - Female,CC.ISG.NBFE,..,..,..,..,..,..,..,..
China,CHN,Informal employment by sector and gender (% of total) - No breakdown - Male,CC.ISG.NBMA,..,..,..,..,..,..,..,..
China,CHN,Informal employment by sector and gender (% of total) - Non-agriculture - Female,CC.ISG.NAFE,..,..,..,..,..,..,..,..
China,CHN,Informal employment by sector and gender (% of total) - Non-agriculture - Male,CC.ISG.NAMA,..,..,..,..,..,..,..,..
China,CHN,"Labor force, female (% of total labor force)",SL.TLF.TOTL.FE.ZS,44.3052600421357,44.1980701221571,44.079056138679,44.0388557575396,44.0030275055501,43.9784050308975,43.9577737000049,43.9206950694526
China,CHN,Lifetime CO2 emissions from coal plants (Mt CO2),CC.EN.ATM.COAL.CE,..,..,..,..,..,..,..,..
China,CHN,"Literacy rate, adult total (% of people ages 15 and above)",SE.ADT.LITR.ZS,..,..,95.1244812011719,..,..,..,..,..
China,CHN,Macro drivers of GHG emissions growth in the period 2012-2018 - Emission Intensity of GDP,CC.GHG.MEMG.EI,..,..,..,..,..,..,..,..
China,CHN,Macro drivers of GHG emissions growth in the period 2012-2018 - GDP per capita,CC.GHG.MEMG.GC,..,..,..,..,..,..,..,..
China,CHN,Macro drivers of GHG emissions growth in the period 2012-2018 - Population,CC.GHG.MEMG.PO,..,..,..,..,..,..,..,..
China,CHN,Made digital payments in the past year (% age 15+),g20.t.made,..,..,..,..,..,..,38.1629638671875,..
China,CHN,"Mean number of years of education completed, aged 17 and older",CC.SE.NYRS.AVG,..,..,..,..,..,9.07775783538818,..,..
China,CHN,Mineral rents (% of GDP),NY.GDP.MINR.RT.ZS,2.36220906195551,0.996363530838345,2.02001256982521,2.33286213619421,0.783715364766624,0.60428352431117,0.358821541111182,0.203344512568798
China,CHN,Mortality rate attributable to ambient air pollution (deaths per 100 000 population),CC.SH.AIRP.AMB,..,..,..,..,..,..,..,..
China,CHN,Mortality rate attributable to household air pollution (deaths per 100 000 population),CC.SH.AIRP.AIR,..,..,..,..,..,..,..,..
China,CHN,Natural gas rents (% of GDP),NY.GDP.NGAS.RT.ZS,0.130936937865754,0.126108403705282,0.102171039231503,0.119321520195002,0.116005190115074,0.104510351717778,0.119906955939214,0.139074902108171
China,CHN,Natural hazard levels - Coastal flood,CC.THHZ.RANK.CF,..,..,1,..,..,..,..,..
China,CHN,Natural hazard levels - Cyclone,CC.THHZ.RANK.CY,..,..,1,..,..,..,..,..
China,CHN,Natural hazard levels - Earthquake,CC.THHZ.RANK.EQ,..,..,1,..,..,..,..,..
China,CHN,Natural hazard levels - Extreme heat,CC.THHZ.RANK.EH,..,..,1,..,..,..,..,..
China,CHN,Natural hazard levels - Landslide,CC.THHZ.RANK.LS,..,..,1,..,..,..,..,..
China,CHN,Natural hazard levels - River flood,CC.THHZ.RANK.RF,..,..,1,..,..,..,..,..
China,CHN,Natural hazard levels - Tsunami,CC.THHZ.RANK.TS,..,..,1,..,..,..,..,..
China,CHN,Natural hazard levels - Urban flood,CC.THHZ.RANK.UF,..,..,1,..,..,..,..,..
China,CHN,Natural hazard levels - Wildfire,CC.THHZ.RANK.WF,..,..,1,..,..,..,..,..
China,CHN,Net food imports by crop - Barley,CC.NEFO.IMCR.BA,1119902,1786732,2420087,1820757,2582333,2383778,5467558,10785638
China,CHN,Net food imports by crop - Maize,CC.NEFO.IMCR.MA,4246675,4691122,6598955,5923816,9582862,7339692,6825641,8953940
China,CHN,"Net food imports by crop - Rice, broken",CC.NEFO.IMCR.RB,1805,57245,52354,72446,282645,491588,488975,816514
China,CHN,"Net food imports by crop - Rice, husked",CC.NEFO.IMCR.RH,9477,-337,61768,37467,65177,65518,47207,89404
China,CHN,"Net food imports by crop - Rice, milled",CC.NEFO.IMCR.RM,673453,677227,722764,928756,2427844,2149901,2487944,2923354
China,CHN,"Net food imports by crop - Rice, milled/husked",CC.NEFO.IMCR.RI,..,..,..,..,..,..,..,..
China,CHN,"Net food imports by crop - Rice, paddy",CC.NEFO.IMCR.BP,-8455,-1604,-5056,3202,24252,21266,18335,10276
China,CHN,"Net food imports by crop - Rice, paddy (rice milled equivalent)",CC.NEFO.IMCR.RE,715397,769186,861641,1053015,2796614,2717019,3031619,3827182
China,CHN,Net food imports by crop - Soybeans,CC.NEFO.IMCR.SB,39548527,44937114,57366496,54828090,60760909,65553750,73811719,84410218
China,CHN,Net food imports by crop - Wheat,CC.NEFO.IMCR.WH,1001168,2120582,2347729,2606009,5052953,6829608,4265445,4310147
China,CHN,Net revenues from a US$12 carbon tax in 2022 rising to US$20 by 2030 (% of GDP),CC.CPAT.NRRT.TW,..,..,..,..,..,..,..,..
China,CHN,Net revenues from a US$12 carbon tax in 2022 rising to US$20 by 2030 (constant 2018 US$bn),CC.CPAT.NERE.TW,..,..,..,..,..,..,..,..
China,CHN,Net revenues from a US$60 carbon tax in 2022 rising to US$100 by 2030 (% of GDP),CC.CPAT.NRRT.HU,..,..,..,..,..,..,..,..
China,CHN,Net revenues from a US$60 carbon tax in 2022 rising to US$100 by 2030 (constant 2018 US$bn),CC.CPAT.NERE.HU,..,..,..,..,..,..,..,..
China,CHN,Nitrogen application (tons per ha),CC.AG.NTR.TOHA,..,..,..,..,..,..,..,..
China,CHN,Non-CO2 GHG emissions by sector (Mt CO2 eq) - Agriculture,CC.NCO.GHG.AG,693.16,694.65,695.41,689.65,691.17,690.84,691.8,698.73
China,CHN,Non-CO2 GHG emissions by sector (Mt CO2 eq) - Energy,CC.NCO.GHG.EN,553.45,596.44,639.43,681.43,723.44,746.78,770.12,793.46
China,CHN,Non-CO2 GHG emissions by sector (Mt CO2 eq) - Fugitive Emissions,CC.NCO.GHG.FE,455.21,497.44,539.68,581.91,624.15,647.72,671.3,694.87
China,CHN,Non-CO2 GHG emissions by sector (Mt CO2 eq) - Industrial Processes,CC.NCO.GHG.IP,204.1,225.04,245.98,266.76,287.53,310.68,333.84,356.98
China,CHN,Non-CO2 GHG emissions by sector (Mt CO2 eq) - Land-Use Change and Forestry,CC.NCO.GHG.LU,1.76,0.76,0.77,0.46,0.37,0.39,0.62,0.56
China,CHN,Non-CO2 GHG emissions by sector (Mt CO2 eq) - Other Fuel Combustion,CC.NCO.GHG.OF,98.24,99,99.75,99.52,99.29,99.06,98.82,98.59
China,CHN,Non-CO2 GHG emissions by sector (Mt CO2 eq) - Total excluding LUCF,CC.NCO.GHG.EL,1591.11,1662.55,1733.25,1796.29,1866.61,1917.85,1970.37,2028.85
China,CHN,Non-CO2 GHG emissions by sector (Mt CO2 eq) - Total including LUCF,CC.NCO.GHG.IL,1592.87,1663.31,1734.02,1796.75,1866.99,1918.24,1970.99,2029.41
China,CHN,Non-CO2 GHG emissions by sector (Mt CO2 eq) - Waste,CC.NCO.GHG.WA,140.39,146.41,152.44,158.46,164.49,169.55,174.62,179.68
China,CHN,Number of companies that are TCFD compliant by sector - Central Bank,CC.TCFD.COMP.CB,..,..,..,..,..,..,..,..
China,CHN,Number of companies that are TCFD compliant by sector - Communication Services,CC.TCFD.COMP.CM,..,..,..,..,..,..,..,..
China,CHN,Number of companies that are TCFD compliant by sector - Consumer Discretionary,CC.TCFD.COMP.CD,..,..,..,..,..,..,..,..
China,CHN,Number of companies that are TCFD compliant by sector - Consumer Staples,CC.TCFD.COMP.CS,..,..,..,..,..,..,..,..
China,CHN,Number of companies that are TCFD compliant by sector - Energy,CC.TCFD.COMP.EN,..,..,..,..,..,..,..,..
China,CHN,Number of companies that are TCFD compliant by sector - Financials,CC.TCFD.COMP.FI,..,..,..,..,..,..,..,..
China,CHN,Number of companies that are TCFD compliant by sector - Government,CC.TCFD.COMP.GO,..,..,..,..,..,..,..,..
China,CHN,Number of companies that are TCFD compliant by sector - Health Care,CC.TCFD.COMP.HC,..,..,..,..,..,..,..,..
China,CHN,Number of companies that are TCFD compliant by sector - Industrials,CC.TCFD.COMP.IN,..,..,..,..,..,..,..,..
China,CHN,Number of companies that are TCFD compliant by sector - Information Technology,CC.TCFD.COMP.IT,..,..,..,..,..,..,..,..
China,CHN,Number of companies that are TCFD compliant by sector - Materials,CC.TCFD.COMP.MT,..,..,..,..,..,..,..,..
China,CHN,Number of companies that are TCFD compliant by sector - Other,CC.TCFD.COMP.OT,..,..,..,..,..,..,..,..
China,CHN,Number of companies that are TCFD compliant by sector - Real Estate,CC.TCFD.COMP.RE,..,..,..,..,..,..,..,..
China,CHN,Number of companies that are TCFD compliant by sector - Transportation,CC.TCFD.COMP.TR,..,..,..,..,..,..,..,..
China,CHN,Number of companies that are TCFD compliant by sector - Utilities,CC.TCFD.COMP.UT,..,..,..,..,..,..,..,..
China,CHN,Offshore wind potential - Per capita (kW/cap),CC.EG.WIND.PC,..,..,..,..,..,..,..,..
China,CHN,Offshore wind potential - Total (GW),CC.EG.WIND.TOTL,..,..,..,..,..,..,..,..
China,CHN,Oil pipeline capacity by project status (barrels of oil equivalent per day) - Cancelled,CC.OIL.PSBC.CN,..,..,..,..,..,..,..,..
China,CHN,Oil pipeline capacity by project status (barrels of oil equivalent per day) - Construction,CC.OIL.PSBC.CO,..,..,..,..,..,..,..,..
China,CHN,Oil pipeline capacity by project status (barrels of oil equivalent per day) - In Development (Proposed + Construction),CC.OIL.PSBC.ID,..,..,..,..,..,..,..,..
China,CHN,Oil pipeline capacity by project status (barrels of oil equivalent per day) - Operating,CC.OIL.PSBC.OP,..,..,..,..,..,..,..,..
China,CHN,Oil pipeline capacity by project status (barrels of oil equivalent per day) - Proposed,CC.OIL.PSBC.PR,..,..,..,..,..,..,..,..
China,CHN,Oil pipeline capacity by project status (barrels of oil equivalent per day) - Retired,CC.OIL.PSBC.RT,..,..,..,..,..,..,..,..
China,CHN,Oil pipeline capacity by project status (barrels of oil equivalent per day) - Shelved,CC.OIL.PSBC.SH,..,..,..,..,..,..,..,..
China,CHN,Oil rents (% of GDP),NY.GDP.PETR.RT.ZS,2.03469786769203,0.950748491930409,1.24346297994017,1.52661479077706,1.32981903328539,1.11001896293307,0.899303001957935,0.336653518399789
China,CHN,Operating coal power capacity by plant age (MW) - Coal plant age (0-9 years),CC.OPCO.AG.CA1,..,..,..,..,..,..,..,..
China,CHN,Operating coal power capacity by plant age (MW) - Coal plant age (10-19 years),CC.OPCO.AG.CA2,..,..,..,..,..,..,..,..
China,CHN,Operating coal power capacity by plant age (MW) - Coal plant age (20-29 years),CC.OPCO.AG.CA3,..,..,..,..,..,..,..,..
China,CHN,Operating coal power capacity by plant age (MW) - Coal plant age (30-39 years),CC.OPCO.AG.CA4,..,..,..,..,..,..,..,..
China,CHN,Operating coal power capacity by plant age (MW) - Coal plant age (40-49 years),CC.OPCO.AG.CA5,..,..,..,..,..,..,..,..
China,CHN,Operating coal power capacity by plant age (MW) - Coal plant age (50-plus years),CC.OPCO.AG.CA6,..,..,..,..,..,..,..,..
China,CHN,Operating coal power capacity by plant type (MW) - Plant Type (CFB),CC.OPCO.PLTY.CF,..,..,..,..,..,..,..,..
China,CHN,Operating coal power capacity by plant type (MW) - Plant Type (IGCC),CC.OPCO.PLTY.IG,..,..,..,..,..,..,..,..
China,CHN,Operating coal power capacity by plant type (MW) - Plant Type (Subcritical),CC.OPCO.PLTY.SU,..,..,..,..,..,..,..,..
China,CHN,Operating coal power capacity by plant type (MW) - Plant Type (Subcritical/CCS),CC.OPCO.PLTY.CC,..,..,..,..,..,..,..,..
China,CHN,Operating coal power capacity by plant type (MW) - Plant Type (Supercritical),CC.OPCO.PLTY.SC,..,..,..,..,..,..,..,..
China,CHN,Operating coal power capacity by plant type (MW) - Plant Type (Ultra-super),CC.OPCO.PLTY.US,..,..,..,..,..,..,..,..
China,CHN,Operating coal power capacity by plant type (MW) - Plant Type (Unknown),CC.OPCO.PLTY.UK,..,..,..,..,..,..,..,..
China,CHN,Passenger volume by mode (billion tons-km) - Air transport,CC.PSVOL.MOD.AI,..,..,..,..,..,..,..,..
China,CHN,Passenger volume by mode (billion tons-km) - Rail transport,CC.PSVOL.MOD.RA,..,..,..,..,..,..,..,..
China,CHN,Passenger volume by mode (billion tons-km) - Road transport,CC.PSVOL.MOD.RO,..,..,..,..,..,..,..,..
China,CHN,People using at least basic drinking water services (% of population),SH.H2O.BASW.ZS,87.06001859,87.82894559,88.56889093,89.26848693,89.93455887,90.57190917,91.1813536,91.76264123
China,CHN,People using at least basic sanitation services (% of population),SH.STA.BASS.ZS,71.93309059,73.82713823,75.68896974,77.50550515,79.28464962,81.03184692,82.74794313,84.43258668
China,CHN,People with basic handwashing facilities including soap and water (% of population),SH.STA.HYGN.ZS,..,..,..,..,..,..,..,..
China,CHN,Per capita daily coal consumption (short tons per capita per day),CC.EG.CONS.COAL.PC,0.00661935708343599,0.00706733097679632,0.00774012564508843,0.00845803414789564,0.00882093659020088,0.00884244745431216,0.00857553234679874,0.00825152746093724
China,CHN,Per capita daily gas consumption (thousand cubic feet per capita per day),CC.EG.CONS.GAS.PC,0.00563719048480082,0.00643179230347025,0.00771811269689915,0.00942412461327279,0.010291846080052,0.0116261922494927,0.0128469359949739,0.0134629668250631
China,CHN,Per capita daily oil consumption (barrels per capita per day),CC.EG.CONS.OIL.PC,0.00607051873884143,0.00638287712392771,0.00698148246436995,0.00747944320861821,0.0078104916357875,0.00822142691140285,0.00846807937138543,0.00887812003033795
China,CHN,Per capita food supply (kcal/cap/day),CC.FSU.PECA,..,..,..,..,..,..,3149,3188
China,CHN,Per capita GHG emissions (tons/capita),CC.GHG.PECA,6.38,6.8,7.38,7.71,7.91,8.21,8.18,8.13
China,CHN,Percentage of people who believe it is somewhat very likely that they could use the right to use their property of part of it against their will in the next 5 years,CC.PRNX.CAT1.ZS,..,..,..,..,..,..,..,..
China,CHN,Percentage of people who believe it is very unlikely or unlikely that they could use the right to use their property of part of it against their will in the next 5 years,CC.PRNX.CAT2.ZS,..,..,..,..,..,..,..,..
China,CHN,"Percentage of people who say they have formal documents, legally-binding documents that demonstrate their right to live in or use any of their properties",CC.PRNX.CAT3.ZS,..,..,..,..,..,..,..,..
China,CHN,Percentage of people who say they have informal documents that demonstrate their right to live in or use any of their properties,CC.PRNX.CAT4.ZS,..,..,..,..,..,..,..,..
China,CHN,Percentage of people who say they have no documents or informal documents that demonstrate their right to live in or use any of their properties,CC.PRNX.CAT5.ZS,..,..,..,..,..,..,..,..
China,CHN,Percentage of population with No Education,CC.SE.CAT1.ZS,..,..,..,..,..,0.0345841385424137,..,..
China,CHN,Percentage of population with Post Secondary Education,CC.SE.CAT4.ZS,..,..,..,..,..,0.229278460144997,..,..
China,CHN,Percentage of population with Primary Education,CC.SE.CAT2.ZS,..,..,..,..,..,0.568032562732697,..,..
China,CHN,Percentage of population with Secondary Education,CC.SE.CAT3.ZS,..,..,..,..,..,0.168104842305183,..,..
China,CHN,Political Stability and Absence of Violence/Terrorism: Estimate,PV.EST,-0.491275,-0.4493464,-0.6570607,-0.6020548,-0.5387821,-0.5437899,-0.522584,-0.5502946
China,CHN,Population exposed to floods (share of population below $5.50),CC.FLD.BELW.ZS,..,..,..,..,..,..,..,..
China,CHN,Population exposed to floods (share of total population),CC.FLD.TOTL.ZS,..,..,..,..,..,..,..,..
China,CHN,Population living in slums (% of urban population),EN.POP.SLUM.UR.ZS,..,..,29.1000003814697,..,..,..,25.2000007629395,..
China,CHN,"Population, total",SP.POP.TOTL,1324655000,1331260000,1337705000,1344130000,1350695000,1357380000,1364270000,1371220000
China,CHN,Poverty headcount ratio at $5.50 a day (2011 PPP) (% of population),SI.POV.UMIC,60.7,..,53.5,49.2,44.4,36.4,31.5,27.2
China,CHN,Power outages in firms in a typical month (number),IC.ELC.OUTG,..,..,..,..,0.1,..,..,..
China,CHN,Prevalence of undernourishment (3-year average) (% of total),CC.PUN.TOTL,..,3,..,..,..,..,..,..
China,CHN,Proportion of freshwater key biodiversity areas (KBAs) covered by protected areas (%),CC.KBA.MRN.ZS,..,..,..,..,..,..,..,..
China,CHN,Proportion of seats held by women in national parliaments (%),SG.GEN.PARL.ZS,21.325744894543,21.325744894543,21.325744894543,21.3230355943586,21.3230355943586,23.40140609307,23.40140609307,23.6228455559311
China,CHN,Proportion of terrestrial key biodiversity areas (KBAs) covered by protected areas (%),CC.KBA.TERR.ZS,..,..,..,..,..,..,..,..
China,CHN,Public social protection expenditure (%of GDP),CC.SP.EXP.ZS,..,..,..,..,..,..,..,6.28303717982635
China,CHN,Regulatory Quality: Estimate,RQ.EST,-0.1547905,-0.2238316,-0.234011,-0.2214281,-0.2408196,-0.2879804,-0.2829926,-0.2894387
China,CHN,Relative change in annual CO2 emissions from a US$12 carbon tax in 2022 rising to US$20 by 2030 (%),CC.CPAT.RCAE.TE,..,..,..,..,..,..,..,..
China,CHN,Relative change in annual CO2 emissions from a US$60 carbon tax in 2022 rising to US$100 by 2030 (%),CC.CPAT.RCAE.SI,..,..,..,..,..,..,..,..
China,CHN,Renewable internal freshwater resources per capita (cubic meters),ER.H2O.INTR.PC,..,..,..,..,2082.63153413613,..,..,..
China,CHN,Resilient infrastructure would reduce annual repair cost by a factor,CC.TNET.REP.FAC,..,..,..,..,..,..,..,..
China,CHN,Rice supply quantity (g/capita/day),CC.RIC.PECA,..,..,..,..,..,..,..,..
China,CHN,Risk to asset (average annual losses as % of GDP),CC.RISK.AST.ZS,..,..,..,..,..,..,..,..
China,CHN,Risk to wellbeing (average annual losses as % of GDP),CC.RISK.WELL.ZS,..,..,..,..,..,..,..,..
China,CHN,Rule of Law: Estimate,RL.EST,-0.4197974,-0.4070508,-0.4099019,-0.46481,-0.5428619,-0.5246463,-0.414574,-0.4098733
China,CHN,Saved any money in the past year (% age 15+),fin18.t.d,..,..,..,..,..,..,72.0214309692383,..
China,CHN,"Sectoral drivers of GHG emissions growth in the period 2012-2018 - Agriculture (contribution to total growth, %)",CC.GHG.SDEG.AG,..,..,..,..,..,..,..,..
China,CHN,"Sectoral drivers of GHG emissions growth in the period 2012-2018 - Building (contribution to total growth, %)",CC.GHG.SDEG.BU,..,..,..,..,..,..,..,..
China,CHN,"Sectoral drivers of GHG emissions growth in the period 2012-2018 - Electricity/Heat (contribution to total growth, %)",CC.GHG.SDEG.EH,..,..,..,..,..,..,..,..
China,CHN,"Sectoral drivers of GHG emissions growth in the period 2012-2018 - Fugitive Emissions (contribution to total growth, %)",CC.GHG.SDEG.FE,..,..,..,..,..,..,..,..
China,CHN,"Sectoral drivers of GHG emissions growth in the period 2012-2018 - Industrial Processes (contribution to total growth, %)",CC.GHG.SDEG.IP,..,..,..,..,..,..,..,..
China,CHN,"Sectoral drivers of GHG emissions growth in the period 2012-2018 - Land-Use Change and Forestry (contribution to total growth, %)",CC.GHG.SDEG.LU,..,..,..,..,..,..,..,..
China,CHN,"Sectoral drivers of GHG emissions growth in the period 2012-2018 - Manufacturing/Construction (contribution to total growth, %)",CC.GHG.SDEG.MC,..,..,..,..,..,..,..,..
China,CHN,"Sectoral drivers of GHG emissions growth in the period 2012-2018 - Other Fuel Combustion (contribution to total growth, %)",CC.GHG.SDEG.OF,..,..,..,..,..,..,..,..
China,CHN,"Sectoral drivers of GHG emissions growth in the period 2012-2018 - Transportation (contribution to total growth, %)",CC.GHG.SDEG.TR,..,..,..,..,..,..,..,..
China,CHN,"Sectoral drivers of GHG emissions growth in the period 2012-2018 - Waste (contribution to total growth, %)",CC.GHG.SDEG.WA,..,..,..,..,..,..,..,..
China,CHN,Share of animal products in food supply (% of total),CC.FOOD.ANIM.ZS,..,..,..,..,..,..,22.8326452842172,22.7101631116688
China,CHN,Share of population covered by at least one social protection benefit (%),CC.SP.COV.ZS,..,..,..,..,..,..,..,..
China,CHN,Share of surface occupied by forest (% of total),AG.LND.FRST.ZS,20.7845781828599,21.0350872157688,21.2855968996448,21.49109623203,21.6965960161134,21.9020948706353,22.1075946459969,22.3130941846073
China,CHN,Share of transport network exposed to cyclones (%),CC.TNET.CYC.ZS,..,..,..,..,..,..,..,..
China,CHN,Share of transport network exposed to earthquakes (%),CC.TNET.EAR.ZS,..,..,..,..,..,..,..,..
China,CHN,Share of transport network exposed to floods (%),CC.TNET.FLD.ZS,..,..,..,..,..,..,..,..
China,CHN,Share of transport network exposed to natural disasters (%),CC.TNET.NAT.ZS,..,..,..,..,..,..,..,..
China,CHN,Share of vegetal products in food supply (% of total),CC.FOOD.VEGT.ZS,..,..,..,..,..,..,77.1673547157828,77.3212045169385
China,CHN,Tax revenue (% of GDP),GC.TAX.TOTL.GD.ZS,10.1014265266002,10.3094417362922,10.212048608843,10.3127948892952,10.2567686829398,9.90773258312895,9.67861882699669,9.37692044713406
China,CHN,Total coal capacity by plant status (MW) - Announced,CC.TOTL.COCA.AN,..,..,..,..,..,..,245260,242500
China,CHN,Total coal capacity by plant status (MW) - Cancelled,CC.TOTL.COCA.CA,..,..,..,..,..,..,152327,155477
China,CHN,Total coal capacity by plant status (MW) - Construction,CC.TOTL.COCA.CO,..,..,..,..,..,..,153956,177429
China,CHN,Total coal capacity by plant status (MW) - Mothballed,CC.TOTL.COCA.MB,..,..,..,..,..,..,..,..
China,CHN,Total coal capacity by plant status (MW) - Operating,CC.TOTL.COCA.OP,..,..,..,..,..,..,818947.75,878636
China,CHN,Total coal capacity by plant status (MW) - Permitted,CC.TOTL.COCA.PE,..,..,..,..,..,..,36610,114638
China,CHN,Total coal capacity by plant status (MW) - Pre-permit,CC.TOTL.COCA.PP,..,..,..,..,..,..,353913,198005
China,CHN,Total coal capacity by plant status (MW) - Retired,CC.TOTL.COCA.RE,..,..,..,..,..,..,60998.1,67046.85
China,CHN,Total coal capacity by plant status (MW) - Shelved,CC.TOTL.COCA.SH,..,..,..,..,..,..,50205,53785
China,CHN,Total energy tax revenue (% of GDP),CC.ENTX.ENE.ZS,..,..,..,..,0.66100001335144,..,..,..
China,CHN,Total environmental tax revenue (% of GDP),CC.ENTX.ENV.ZS,..,..,..,..,1.39100003242493,..,..,..
China,CHN,Total GHG emissions by sector (Mt CO2 eq) - Agriculture,CC.GHG.EMSE.AG,693.16,694.65,695.41,689.64,691.17,690.84,691.8,698.73
China,CHN,Total GHG emissions by sector (Mt CO2 eq) - Building,CC.GHG.EMSE.BL,383.25,391.66,416.4,440.72,457.22,476.57,487,510.54
China,CHN,Total GHG emissions by sector (Mt CO2 eq) - Bunker Fuels,CC.GHG.EMSE.BF,93.03,97,103.61,109.58,114.07,122.96,128.43,132.16
China,CHN,Total GHG emissions by sector (Mt CO2 eq) - Electricity/Heat,CC.GHG.EMSE.EH,3208.47,3455.66,3831.98,4324.11,4450.73,4742.95,4636.87,4580.61
China,CHN,Total GHG emissions by sector (Mt CO2 eq) - Energy,CC.GHG.EMSE.EN,7222.57,7727.96,8470.4,9251.09,9541.85,9935.16,9886.46,9890.2
China,CHN,Total GHG emissions by sector (Mt CO2 eq) - Fugitive Emissions,CC.GHG.EMSE.FE,455.21,497.44,539.68,581.91,624.15,647.72,671.3,698.3
China,CHN,Total GHG emissions by sector (Mt CO2 eq) - Industrial Processes,CC.GHG.EMSE.IP,730,808.64,885.58,975.36,1002.33,1058.98,1112.43,1090.68
China,CHN,Total GHG emissions by sector (Mt CO2 eq) - Land-Use Change and Forestry,CC.GHG.EMSE.LU,-330.47,-331.47,-331.45,-709.71,-709.8,-709.78,-709.55,-709.61
China,CHN,Total GHG emissions by sector (Mt CO2 eq) - Manufacturing/Construction,CC.GHG.EMSE.MC,2409.86,2601.83,2844.45,3005.39,3038.4,3029.29,3022.68,2972.98
China,CHN,Total GHG emissions by sector (Mt CO2 eq) - Other Fuel Combustion,CC.GHG.EMSE.OF,258.71,264.3,269.11,277.06,285.23,297.54,298.06,300.62
China,CHN,Total GHG emissions by sector (Mt CO2 eq) - Total excluding LUCF,CC.GHG.EMSE.EL,8786.12,9377.66,10203.82,11074.55,11399.83,11854.53,11865.31,11859.29
China,CHN,Total GHG emissions by sector (Mt CO2 eq) - Total including LUCF,CC.GHG.EMSE.IL,8455.65,9046.19,9872.37,10364.83,10690.04,11144.76,11155.76,11149.68
China,CHN,Total GHG emissions by sector (Mt CO2 eq) - Transportation,CC.GHG.EMSE.TR,507.07,517.08,568.78,621.89,686.13,741.09,770.56,827.14
China,CHN,Total GHG emissions by sector (Mt CO2 eq) - Waste,CC.GHG.EMSE.WA,140.39,146.41,152.44,158.46,164.48,169.55,174.62,179.68
China,CHN,Total GHG emissions growth in the period 2012-2018 (%),CC.TOT.GHG.GR,..,..,..,..,..,..,..,..
China,CHN,Total natural resources rents (% of GDP),NY.GDP.TOTL.RT.ZS,9.70533287956805,3.98616521268088,6.29907930605837,7.67705069846005,4.1532052804664,3.02534508342459,2.31438790031315,1.18276388371628
China,CHN,Total operating coal power capacity (MW),CC.EG.COAL.MW,..,..,..,..,..,..,..,..
China,CHN,Total protests and riots since 2018,CC.ACLD.PRTS.NO,..,..,..,..,..,..,..,..
China,CHN,Total sovereign green bonds issuance (billion US$),CC.GNBD.ISS.BD,..,..,..,..,..,..,0.1524669,0.991954
China,CHN,Total steelmaking capacity (thousand tonnes per annum),CC.EG.STL.PROD,..,..,..,..,..,..,..,..
China,CHN,Total welfare benefits including co-benefits from a US$12 carbon tax in 2022 rising to US$20 by 2030 (% of GDP),CC.CPAT.TWCC.TI,..,..,..,..,..,..,..,..
China,CHN,Total welfare benefits including co-benefits from a US$12 carbon tax in 2022 rising to US$20 by 2030 (constant 2018 US$bn),CC.CPAT.TWCC.TW,..,..,..,..,..,..,..,..
China,CHN,Total welfare benefits including co-benefits from a US$60 carbon tax in 2022 rising to US$100 by 2030 (% of GDP),CC.CPAT.TWCC.SI,..,..,..,..,..,..,..,..
China,CHN,Total welfare benefits including co-benefits from a US$60 carbon tax in 2022 rising to US$100 by 2030 (constant 2018 US$bn),CC.CPAT.TWCC.HU,..,..,..,..,..,..,..,..
China,CHN,Trade in environmental goods as share of total exports (%),CC.ENV.TRAD.EX,0.0411307559560854,0.0435653578641077,0.050310170777041,0.0502946033781089,0.0466867146417109,0.0463466836659752,0.0488066896261977,0.0515223699832886
China,CHN,Trade in environmental goods as share of total imports (%),CC.ENV.TRAD.IM,0.0443921013430173,0.0459287745360168,0.0440027929256994,0.042195246795962,0.0421245302679622,0.0414964919886064,0.0425469762786105,0.045750719639827
China,CHN,"Unemployment, total (% of total labor force) (modeled ILO estimate)",SL.UEM.TOTL.ZS,4.6,4.7,4.5,4.5,4.6,4.6,4.6,4.6
China,CHN,Urban population (% of total population),SP.URB.TOTL.IN.ZS,46.539,47.88,49.226,50.511,51.765,53.013,54.259,55.5
China,CHN,Value lost due to electrical outages (% of sales for affected firms),IC.FRM.OUTG.ZS,..,..,..,..,1.3,..,..,..
China,CHN,Voice and Accountability: Estimate,VA.EST,-1.699497,-1.701171,-1.680548,-1.637609,-1.637941,-1.631409,-1.616668,-1.660777
China,CHN,Welfare benefits from reduced climate damages when introducing a US$12 carbon tax in 2022 rising to US$20 by 2030 (constant 2018 US$bn),CC.CPAT.WBRC.TW,..,..,..,..,..,..,..,..
China,CHN,Welfare benefits from reduced climate damages when introducing a US$60 carbon tax in 2022 rising to US$100 by 2030 (constant 2018 US$bn),CC.CPAT.WBRC.SI,..,..,..,..,..,..,..,..
,,,,,,,,,,,
,,,,,,,,,,,
,,,,,,,,,,,
Data from database: Country Climate and Development Report (CCDR),,,,,,,,,,,
Last Updated: 12/17/2021,,,,,,,,,,,
